title_raw,has_form,has_login_form,has_js,js_include_b64,text_clean,classification
debtwire login,True,True,True,False,Debtwire Login Debtwire Login DebtwireCreated Sketch Sign Username Show Caps Lock Password Remember Forgotten password logging agree Cookie policy Privacy policyThis link opens PDF document Disclaimer Terms useFOR HELP SUPPORT Contact CRM consultant via phone email Americas +1 212 686 5374 EMEA +44 203 741 1188 Asia-Pacific +852 2158 9790 help debtwire.com,benign
what is revenuestripe ? - powerinbox,False,False,True,False,RevenueStripe PowerInbox Learn RevenueStripe,benign
newmark knight frank ( @ newmarkkf ) | twitter,True,True,True,False,"Newmark Knight Frank Newmarkkf Twitter 've detected JavaScript disabled browser Would like proceed legacy Twitter Yes Skip content Home Home Home current page Search query Search Twitter Saved searches Remove conversation Verified accountProtected Tweets Suggested users Verified accountProtected Tweets Verified accountProtected Tweets Language English Bahasa Indonesia Bahasa Melayu CatalÃ ÄeÅ¡tina Dansk Deutsch English UK EspaÃ±ol Filipino FranÃ§ais Hrvatski Italiano Magyar Nederlands Norsk Polski PortuguÃªs RomÃ¢nÄ SlovenÄina Suomi Svenska Tiáº¿ng Viá » t TÃ¼rkÃ§e ÎÎ » Î » Î·Î½Î¹ÎºÎ¬ ÐÑÐ » Ð³Ð°ÑÑÐºÐ¸ ÐµÐ·Ð¸Ðº Ð ÑÑÑÐºÐ¸Ð¹ Ð¡ÑÐ¿ÑÐºÐ¸ Ð£ÐºÑÐ°ÑÐ½ÑÑÐºÐ° Ð¼Ð¾Ð²Ð° ×¢Ö´×Ö°×¨Ö´××ª Ø§ÙØ¹Ø±Ø¨ÙØ© ÙØ§Ø±Ø³Û à¤®à¤°à¤¾à¤ à¥ à¤¹à¤¿à¤¨à¥à¤¦à¥ à¦¬à¦¾à¦à¦²à¦¾ àªà « àªàª°àª¾àª¤à «  à®¤à®®à®¿à®´à¯ à²à²¨à³à²¨à²¡ à¸ à¸²à¸©à¸²à¹à¸à¸¢ íêµ­ì´ æ¥æ¬èª ç®ä½ä¸­æ ç¹é « ä¸­æ account Log account Remember · Forgot password New Twitter Sign Newmark Knight Frank Newmarkkf Tweets Tweets current page 4,626 Following Following 278 Followers Followers 12.7K Likes Likes 4,914 Lists Lists 3 Likes Lists Unmute Newmarkkf Mute Newmarkkf Follow Follow Newmarkkf Following Following Newmarkkf Unfollow Unfollow Newmarkkf Blocked Blocked Newmarkkf Unblock Unblock Newmarkkf Pending Pending follow request Newmarkkf Cancel Cancel follow request Newmarkkf Newmark Knight Frank Newmarkkf Newmark Knight Frank NKF one world 's leading commercial real estate advisory firms NKF operated Newmark Group Inc. `` Newmark '' NMRK CRE nkf.re/about-us Joined June 2009 920 Photos videos Photos videos Tweets Tweets Tweets current page Tweets replies Media blocked Newmarkkf sure want view Tweets Viewing Tweets wo n't unblock Newmarkkf Yes view profile Close Newmark Knight Frank followed Newmark Knight Frank‏ Newmarkkf 24 Dec 2019 Copy link Tweet Embed Tweet pic.twitter.com/vnuejtFQ10 0 replies 4 retweets 7 likes Reply Retweet 4 Retweeted 4 Like 7 Liked 7 Thanks Twitter use make timeline better Undo Undo Newmark Knight Frank‏ Newmarkkf 20 Dec 2019 Copy link Tweet Embed Tweet Newmark Group Acquires Retail Firm Harper Dennis Hobbs commercialrealestate Retailhttps //www.globest.com/2019/12/20/newmark-group-acquires-retail-firm-harper-dennis-hobbs/ slreturn=20191120130557 â¦ 0 replies 4 retweets 5 likes Reply Retweet 4 Retweeted 4 Like 5 Liked 5 Thanks Twitter use make timeline better Undo Undo Newmark Knight Frank Retweeted NKF GCS‏ NKF_GCS 10 Dec 2019 Copy link Tweet Embed Tweet week 's Newmarkkf GCS blog post Learn Kindergarten FutureWorkplaces Focus HumanExperience ContinuousLearning foreshadows workplace focused critical thinking problem-solving EmotionalIntelligence Read https //nkf.re/2P8IhHn pic.twitter.com/fdmd1b0HU9 0 replies 2 retweets 5 likes Reply Retweet 2 Retweeted 2 Like 5 Liked 5 Thanks Twitter use make timeline better Undo Undo Newmark Knight Frank Retweeted NKF Valuation Advisory‏ NKF_Val_Adv 18 Nov 2019 Copy link Tweet Embed Tweet Click visit NKF V Property Tax Resource Center http //www.ngkf.com/home/services/valuation -- advisory/thought-leadership/property-tax-resource-center.aspx â¦ Newmarkkf V PropertyTax Practice Leader glicudine presents Property Tax Resource Center reports 30 jurisdictions throughout U.S. Advalorem Valuationpic.twitter.com/3Cu92V0XJW 0 replies 1 retweet 2 likes Reply Retweet 1 Retweeted 1 Like 2 Liked 2 Thanks Twitter use make timeline better Undo Undo Newmark Knight Frank Retweeted NKF Valuation Advisory‏ NKF_Val_Adv 4 Nov 2019 Copy link Tweet Embed Tweet Newmarkkf V 's Hospitality Gaming Leisure team presents 4Q 2019 Hotel Market Nsights Reports featuring 25 metro areas around United States Visit link check available reports http //www.ngkf.com/home/services/valuation -- advisory/thought-leadership/hospitality-resource-center.aspx â¦ Hotels Hospitality CommercialRealEstatepic.twitter.com/xSHm2UouZK 0 replies 2 retweets 2 likes Reply Retweet 2 Retweeted 2 Like 2 Liked 2 Thanks Twitter use make timeline better Undo Undo Newmark Knight Frank Retweeted CantorRelief‏ CantorRelief 3 Dec 2019 Copy link Tweet Embed Tweet GivingTuesday day charities families businesses communities around world come together one common cause give give generously continue disaster relief fundraising efforts holiday season please visit http //cantorrelief.org/donate-now .pic.twitter.com/zMxWBWvzJX 0 replies 1 retweet 1 like Reply Retweet 1 Retweeted 1 Like 1 Liked 1 Thanks Twitter use make timeline better Undo Undo Newmark Knight Frank Retweeted NKF Valuation Advisory‏ NKF_Val_Adv 6 Nov 2019 Copy link Tweet Embed Tweet Newmarkkf Valuation Advisory 's Specialty Practice Leader Industrial/Logistics RobVodinelic featured AI_National 's Valuation Magazine weighs Industrial sector Distribution IndustrialMarket Click read https //www.valuation-digital.com/valuation/q3_2019/MobilePagedReplica.action pm=2 folio=18 pg20 â¦pic.twitter.com/gHsn53wBZo 0 replies 2 retweets 7 likes Reply Retweet 2 Retweeted 2 Like 7 Liked 7 Thanks Twitter use make timeline better Undo Undo Newmark Knight Frank‏ Newmarkkf 27 Nov 2019 Copy link Tweet Embed Tweet 're thankful people Cheers enjoy time family friends food happythanksgivingpic.twitter.com/oSDWr4gUQQ 0 replies 3 retweets 7 likes Reply Retweet 3 Retweeted 3 Like 7 Liked 7 Thanks Twitter use make timeline better Undo Undo Newmark Knight Frank Retweeted NKF GCS‏ NKF_GCS 25 Nov 2019 Copy link Tweet Embed Tweet Take advantage shortened work week spend 10-minutes lending voice CoreNetGlobal Newmarkkf Industry 4.0 FutureOfWork Survey Provide perspective today https //nkf.re/2NJOOGQ 4thIndustrialRevolution CRE REpic.twitter.com/VsYQZ3J1Nb 0 replies 4 retweets 6 likes Reply Retweet 4 Retweeted 4 Like 6 Liked 6 Thanks Twitter use make timeline better Undo Undo Newmark Knight Frank Retweeted NKF Valuation Advisory‏ NKF_Val_Adv 5 Nov 2019 Copy link Tweet Embed Tweet Newmarkkf V proudly presents 2019 MarketSurvey in-depth report featuring capitalization rates several additional metrics reflective current market activity Click link view report Valuation MarketReport http //www.ngkf.com/home/services/valuation -- advisory/thought-leadership/nkf-va-market-surveys.aspx â¦pic.twitter.com/oP3RoGVDWl 1 reply 5 retweets 4 likes Reply 1 Retweet 5 Retweeted 5 Like 4 Liked 4 Thanks Twitter use make timeline better Undo Undo Newmark Knight Frank‏ Newmarkkf 21 Nov 2019 Copy link Tweet Embed Tweet Newmark Knight Frank congratulates honorees selected among 2019 Women Real Estate connectCRE womeninrealestate NKFNOW teamNKF cre https //nkf.re/2D0PNNR pic.twitter.com/ohk8euu9Wg 0 replies 4 retweets 12 likes Reply Retweet 4 Retweeted 4 Like 12 Liked 12 Thanks Twitter use make timeline better Undo Undo Newmark Knight Frank‏ Newmarkkf 4 Nov 2019 Copy link Tweet Embed Tweet Evolving Law Firm Office Market Key Trends 10 Major U.S. Cities https //nkf.re/2WEk521 whitepaper examines law firm real estate trends 10 major U.S. cities outlines real estate landscape law firms changed past several years 1 reply 6 retweets 11 likes Reply 1 Retweet 6 Retweeted 6 Like 11 Liked 11 Thanks Twitter use make timeline better Undo Undo Newmark Knight Frank Retweeted NKF Tri-State‏ NKF_Tristate 2 Nov 2019 Copy link Tweet Embed Tweet Honored part nycmarathon Lance 'nothing impossible https //www.instagram.com/nolegsinmiami/ nolegsnoproblem Good luck people tcsnycmarathonpic.twitter.com/ydCJ27MI8t 1 reply 3 retweets 6 likes Reply 1 Retweet 3 Retweeted 3 Like 6 Liked 6 Thanks Twitter use make timeline better Undo Undo Newmark Knight Frank‏ Newmarkkf 30 Oct 2019 Copy link Tweet Embed Tweet Newmark Group Inc. Reports Third Quarter 2019 Financial Resultshttp //nkf.psee.ly/LESQN 0 replies 1 retweet 4 likes Reply Retweet 1 Retweeted 1 Like 4 Liked 4 Thanks Twitter use make timeline better Undo Undo Newmark Knight Frank‏ Newmarkkf 30 Oct 2019 Copy link Tweet Embed Tweet popularity mixed-use developments mean urban industrial assets CRE RealInsight Industrial 0 replies 1 retweet 8 likes Reply Retweet 1 Retweeted 1 Like 8 Liked 8 Thanks Twitter use make timeline better Undo Undo Newmark Knight Frank‏ Newmarkkf 25 Oct 2019 Copy link Tweet Embed Tweet Thanks everyone attended insightful BenchMarksNYC 2019 event last night View event photos recap https //nkf.re/benchmarks-nyc-2019 â¦ thank EisnerAmper sponsorship BenchMarks NYC 2019 CRE Research Eventspic.twitter.com/mgUymoFNfh EisnerAmper 0 replies 1 retweet 5 likes Reply Retweet 1 Retweeted 1 Like 5 Liked 5 Thanks Twitter use make timeline better Undo Undo Newmark Knight Frank Retweeted NKF GCS‏ NKF_GCS 22 Oct 2019 Copy link Tweet Embed Tweet Another stellar session Newmarkkf year 's CoreNetGlobal Summit one focused Blockchain Check quick pics pic.twitter.com/CVKKI2PPIf 0 replies 2 retweets 12 likes Reply Retweet 2 Retweeted 2 Like 12 Liked 12 Thanks Twitter use make timeline better Undo Undo Newmark Knight Frank Retweeted NKF Southeast‏ NKF_SE 21 Oct 2019 Copy link Tweet Embed Tweet Wk42 CREweekly Breakdown Atlanta Households Socioeconomic Segmentation Learn https //buff.ly/2Br0Kre Newmarkkf NKF NKFresearch Atlanta ATL CREpic.twitter.com/xQDJwiguqy 0 replies 1 retweet 4 likes Reply Retweet 1 Retweeted 1 Like 4 Liked 4 Thanks Twitter use make timeline better Undo Undo Newmark Knight Frank Retweeted NKF GCS‏ NKF_GCS 21 Oct 2019 Copy link Tweet Embed Tweet Innovation Pavilion open make sure stop Newmarkkf booth 601 ca n't miss today tomorrow meet greet team make CoreNetGlobal Summit pic.twitter.com/LwvwNa7DrY 0 replies 2 retweets 9 likes Reply Retweet 2 Retweeted 2 Like 9 Liked 9 Thanks Twitter use make timeline better Undo Undo Newmark Knight Frank Retweeted Newmark Northeast‏ NKF_NE 18 Oct 2019 Copy link Tweet Embed Tweet Presenting NKF Philadelphia 's October Research Brief https //f.tlcollect.com/fr2/819/66136/NKF_Research_Brief_Oct__2019.pdf â¦pic.twitter.com/ZabeBmantT 0 replies 3 retweets 8 likes Reply Retweet 3 Retweeted 3 Like 8 Liked 8 Thanks Twitter use make timeline better Undo Undo Newmarkkf n't Tweeted yet Back top ↑ Loading seems taking Twitter may capacity experiencing momentary hiccup Try visit Twitter Status information Want take advantage new Twitter features ItÊ¼s simple â log Log Sign may also like · Refresh false © 2020 Twitter Help Center Terms Privacy policy Cookies Ads info Close Choose trend location Dismiss Close Previous Next Close Go person 's profile Saved searches Remove conversation Verified accountProtected Tweets Suggested users Verified accountProtected Tweets Verified accountProtected Tweets Close Promote Tweet Close Block Cancel Block Tweet location add location information Tweets city precise location web via third-party applications always option delete Tweet location history Learn Turn Close lists Close Create new list List name Description 100 characters optional Privacy Public · Anyone follow list Private · access list Save list Close Close Copy link Tweet 's URL Tweet Copy easily share friends Close Embed Tweet Embed Video Add Tweet website copying code Learn Add video website copying code Learn Hmm problem reaching server Try Include parent Tweet Include media embedding Twitter content website app agreeing Twitter Developer Agreement Developer Policy Preview Close 're seeing ad Close Log Twitter Remember · Forgot password n't account Sign » Close Sign Twitter Twitter Sign tune things care get updates happen Sign account Log » Close Two-way sending receiving short codes Country Code customers United States 40404 Canada 21212 United Kingdom 86444 Vodafone Orange 3 O2 Brazil 40404 Nextel TIM Haiti 40404 Digicel Voila Ireland 51210 Vodafone O2 India 53000 Bharti Airtel Videocon Reliance Indonesia 89887 AXIS 3 Telkomsel Indosat XL Axiata Italy 4880804 Wind 3424486444 Vodafone » See SMS short codes countries Close Confirmation Close Close Skip Welcome home timeline youâll spend time getting instant updates matters Tweets working Hover profile pic click Following button unfollow account Say lot little see Tweet love tap heart â lets person wrote know shared love Spread word fastest way share someone elseâs Tweet followers Retweet Tap icon send instantly Join conversation Add thoughts Tweet Reply Find topic youâre passionate jump right Learn latest Get instant insight people talking Get love Follow accounts get instant updates topics care Find 's happening See latest conversations topic instantly Never miss Moment Catch instantly best stories happening unfold Back Next Next Tweet user",benign
join our rewards program for more opportunities to win,False,False,True,False,"Join Rewards Program Opportunities Win Home Resort Guestrooms Packages Amenities Book Room Estrella Gaming Casino Games Rewards Program Promotions AZ Champion Slots Entertainment Upcoming Headliners Upcoming Casino Entertainment Venues Upcoming Shows Dining Restaurants Bars Specials Online Dining Reservations Golf Sewailo Golf Club Instruction Packages Promotions Book Tee Time Group Golf Wildcats Gille Spa Spa Menu Book Treatment Casino Del Sol RV Park Meetings Groups Pascua Yaqui Tribe Location Contact Careers × Open mobile navigation × Open mobile navigation Meetings Groups Pascua Yaqui Tribe Location Contact Careers Home Resort Guestrooms Suites Sky Level Deluxe Queens Deluxe King Spa Spa Menu Book Treatment Amenities Concierge Welcome Amenities Local Attractions Shopping Pool Spa Fitness Center View availability book room today Estrella Guestrooms Suites Double Queen King Amenities Meeting Rooms Arcade Fitness Center Pool Shopping Local Attractions Taking Reservations Gaming Casino Games Slots Table Games Bingo Poker High Limit Lounge Rewards Program Promotions 50,000 Road Trip Adventure Travel Trailer Giveaway Entertainment Upcoming Headliners ZZ Top See Upcoming Headliners Upcoming Casino Entertainment Cher Bill Medley Tribute Soul Essential Grupo Sismo Arizona See Casino Entertainment Venues AVA Amphitheater Casino Del Sol Event Center Paradiso Lounge Tropico Lounge Oasis Sunset Room New Year 's Eve Live Entertainment Dining Dining PY Steakhouse Bellissimo Ristorante Italiano Festa International Buffet Ume Moby's Abuelitas SweetScape Desserts Sunflower CafÃ© StreetScape Deli Bingo Deli Wildcats Grille Starbucks In-Room Dining Bars PY Steakhouse Paradiso Lounge Ume Tropico Lounge Oasis Bar Prema Zebo z Specials Dining Specials Bar Specials Ume 2 Tuesdays Dinner Chefs 2020 Chef 's Seasonal Selection Military Appreciation 2 1 Buffet Make Dining Reservations Online Golf Sewailo Golf Club Course Details Awards Accolades University Arizona Golf Teams Wildcats Grille Instruction Book Tee Times Golf Lessons Packages Promotions Events Tournaments Annual Memberships Group Golf Book Tee Time RV Park Hotel Reservations Check Check Adults Select -1234 Book Hotel Reservations × Open mobile navigation × Open mobile navigation Meetings Groups Pascua Yaqui Tribe Location Contact Careers Home Resort Guestrooms Suites Sky Level Deluxe Queens Deluxe King Spa Spa Menu Book Treatment Amenities Concierge Welcome Amenities Local Attractions Shopping Pool Spa Fitness Center View availability book room today Estrella Guestrooms Suites Double Queen King Amenities Meeting Rooms Arcade Fitness Center Pool Shopping Local Attractions Taking Reservations Gaming Casino Games Slots Table Games Bingo Poker High Limit Lounge Rewards Program Promotions 50,000 Road Trip Adventure Travel Trailer Giveaway Entertainment Upcoming Headliners ZZ Top See Upcoming Headliners Upcoming Casino Entertainment Cher Bill Medley Tribute Soul Essential Grupo Sismo Arizona See Casino Entertainment Venues AVA Amphitheater Casino Del Sol Event Center Paradiso Lounge Tropico Lounge Oasis Sunset Room New Year 's Eve Live Entertainment Dining Dining PY Steakhouse Bellissimo Ristorante Italiano Festa International Buffet Ume Moby's Abuelitas SweetScape Desserts Sunflower CafÃ© StreetScape Deli Bingo Deli Wildcats Grille Starbucks In-Room Dining Bars PY Steakhouse Paradiso Lounge Ume Tropico Lounge Oasis Bar Prema Zebo z Specials Dining Specials Bar Specials Ume 2 Tuesdays Dinner Chefs 2020 Chef 's Seasonal Selection Military Appreciation 2 1 Buffet Make Dining Reservations Online Golf Sewailo Golf Club Course Details Awards Accolades University Arizona Golf Teams Wildcats Grille Instruction Book Tee Times Golf Lessons Packages Promotions Events Tournaments Annual Memberships Group Golf Book Tee Time RV Park Hotel Reservations Check Check Adults Select -1234 Book Hotel Reservations Rewards Program Gaming Rewards Program Back Gaming Casino Del Sol wants member best playerâs club business Club Sol rewards easiest fastest way accrue use itâs super-easy join come either Club Sol location say âI want join best casino playerâs club anywhere.â Thatâs Get points loyalty play redeem discounts dining spa treatments retail purchases Club Sol card holders know theyâre always way earning something special play Sol Tucson Casino Del Sol also instantly redeem points directly slot machine youâre playing tables well Join Club Sol today begin getting credit fun deserve Club Sol Hours MondayÂ Â Â Â Â Â Â Â Â 10AM-12AM Tuesday Â Â Â Â Â Â Â Â 10AM-12AM WednesdayÂ Â Â 10AM-12AM ThursdayÂ Â Â Â 10AM-12AM Friday Â Â Â Â Â Â Â Â Â Â Â 10AM-12AM SaturdayÂ Â Â Â Â Â Â Â 10AM-12AM SundayÂ Â Â Â Â Â Â Â Â Â 10AM-12AM Club Sol located right-hand side main entrance Casino Del Sol also another Club Sol location Casino Sun located main entrance front Sunflower CafÃ© Earn Points Slots Every 10 played =3 pointsBingo Every 1 spent 2 pointsTable Games Based Average Bet length play 100 Points 1.00 Club Sol Tier Highlights Club Sol entry world rewards weâve made easier ever join Club Sol locations open 10AM midnight every day week come join best casino playerâs club Arizona Club Sol get rewards youâve earned COPPER MEMBERSHIP REWARD HIGHLIGHTSÂ 0-1,999 Tier points Exclusive Copper Tier offers Â OPAL MEMBERSHIP REWARD HIGHLIGHTSÂ 2,000 Tier points 10 discount Casino Resort outletsÂ Exclusive âearly noticeâ concerts sports events Â JADE MEMBERSHIP REWARD HIGHLIGHTSÂ 50,000 Tier points 20 discount Casino Resort outlets VIP valet parking Gas Card Giveaways Â RUBY MEMBERSHIP REWARD HIGHLIGHTSÂ 150,000 Tier Points 30 discount Casino Resort outlets VIP priority hotel check-in High Limit Lounge VIP valet parking Daily 30 Food voucher Gas Card Giveaways Weekly Sol Bucks redeemable Spa Retail Dining Â ONYX MEMBERSHIP REWARD HIGHLIGHTSÂ 400,000 Tier Points 40 discount dining casino-wide hotel stays spa services golf retail outletsÂ VIP priority hotel check-in High Limit Lounge VIP valet parking Daily 60 Food voucher Weekly Sol Bucks redeemable Spa Retail Dinning Gas Card Giveaways Personal executive casino host VIP valet parking Â Keeping upgrading Club Sol Card easier ever Â Club Sol points earned within 12-month Calendar year qualify tier level advance higher tier youâll enjoy benefits duration year tier earned Casino Del Sol reserves right change modify cancel benefits time without notice Club Sol Promotions Point Multiplier Mondays Every Monday Tier Point Multipliers Mondays Multipliers based Club Sol card level View Details Sunshine Club Every Monday Sunshine Club 50 members Club Sol eligible rewards every Monday Starting July 1 2019 enjoy Special Dining Offers Sunflower Cafe Festa Buffet Swipe Club Sol card kiosk receive offer Â Freeplay Drawings Casino Sun Casino Del Sol 11am 1pm 4pm 6pm Win 100 Free Play Swipe Club Sol card become eligible drawings Rules restrictions apply accordance promotion rules See club sol complete details View Details Wine Wednesdays Every Wednesday Earn 10 Bottles Wine Â every 150 slot pints Club Sol Members earn 1 bottle wine Club Sol 12pm-10pm.Â earn 10 bottles Â Select Club Sol Members pick 1 FREE bottle wine Â Rules restrictions apply accordance promotion rules See club sol complete details View Details Play Get Every Thursday Keep Points Get Weekly Gift Club Sol Members earn 200 slot/table points receive gift 11am-9pm.Â supplies last.Â Rain checks available upon request.Â exclusions apply demands exceed supply alternative prize offered.Â Rules restrictions apply accordance promotion rules See club sol complete details View Details Free Stuff Fridays Every Friday 10AM-5PM Club Sol Members earn 75 points swipe kiosk 10am-5pm themed gift.Â supplies last Blackout dates mayÂ vary See Club Sol complete details View Details Six Pack Sundays Every Sunday Jan 6 2019 Earn 3 Six Packs Beer Soda Club Sol Members earn 150 points promotional days receive beverage pack choice water beer sodas 3 additional packs maximum per promotional day 10am-6pm Rules restrictions apply accordance promotion rules See club sol complete details View Details Text Program Week Join Club Sol Text Program get additional exclusive offers Â Youâll get exclusive offers special promotions bonus offers Casino news first andÂ much View Details Celebrate Birthday Us Week Make plans celebrate birthday us come birthday swipe Club Sol card chance 1,000 Freeplay swipe Club Sol Card special day time 12am â 11:59pm member yet Sign Club Sol hours itâs completely free View Details Money Tracker Weekdays 6PM KOLD News 13Â Chief Meteorologist Lisa VillegasÂ provide next dayâs high temperature every weekday 6pm newscast add Freeplay pot isÂ right View Details New Member Swipe Win Week Join Club Sol Win 500 Freeplay Â New Member sign ups play featured kiosk game chance 500 Free play Swipe card kiosk order activate game play Game offer valid within 24 hours new sign Free play automatically loaded players card valid 14 days View Details Get action Explore casino games Always first know Sign text message updates Home Hotel Gaming Entertainment Dining Golf Spa Meetings Groups Meeting Rooms Catering Business Convention Services RFP History Casino Sun Give Back Press Room Awards Del Sol Marketplace Download Mobile App Weddings View Venue Catering Room Blocks Accommodations Get Started Planning Wedding Location Contact Sweepstakes Enterprise Pascua Yaqui Tribe Copyright Â© Pascua Yaqui Tribe Arizona 2018 Rights Reserved None images information appearing site may used without express written consent Pascua Yaqui Tribe Please play responsibly gambling problem please call 1â800â639â8783 Press Room Awards Careers Casino Del Sol 5655 W Valencia Rd Tucson AZ 85757 Get Directions Top",benign
debtwire login,True,True,True,False,Debtwire Login Debtwire Login DebtwireCreated Sketch Sign Username Show Caps Lock Password Remember Forgotten password logging agree Cookie policy Privacy policyThis link opens PDF document Disclaimer Terms useFOR HELP SUPPORT Contact CRM consultant via phone email Americas +1 212 686 5374 EMEA +44 203 741 1188 Asia-Pacific +852 2158 9790 help debtwire.com,benign
,False,False,True,False,Request Safe/Blocked Senders List,benign
sign in to your account,False,False,True,False,Sign account,benign
cloud learning at global oracle openworld 2020 | oracle university blog,True,False,True,False,Cloud Learning Global Oracle OpenWorld 2020 Oracle University Blog X Oracle University Blog CATEGORIES Oracle Guided Learning Oracle Certification Program Expert Instructor Insights Oracle University Latin America Marketing Workforce Development Program Oracle User Group RELATED CONTENT Oracle Training Oracle Certification Oracle Training Certify Cloud Training Stay Touch Customer Success CEI Program Blogs Home Blogs Directory Author Directory Oracle University Blog Global Oracle University Contacts Oracle University Stores Maximize Oracle Technology Investment Quality Training Certification Source Visit Local Oracle University Store Facebook Twitter LinkedIn Oracle University January 6 2020 Facebook Share Twitter Share Linkedin Share email page chat page Facebook Share Twitter Share Linkedin Share Cloud Learning Global Oracle OpenWorld 2020 Elisa Roberts Global Marketing Director 2020 begins ’ offering readers complete guide Cloud Learning sessions activities Oracle OpenWorld events around globe year Oracle University Cloud Learning Team kiosk speaking sessions event leverage Oracle OpenWorld accelerate cloud adoption strategy Register sessions learn latest innovations cloud learning Stop kiosk get live demo Oracle Guided Learning find much time expense save organization Ask learning specialist Cloud Learning Subscriptions Oracle Launchpad Oracle Certification Interested learning solutions specific needs Contact Oded Ilan oded.i.ilan oracle.com set personalized meeting event Looking forward seeing Register Oracle OpenWorld Middle East 2020 Sign 3 Lightning Sessions 15 minutes Lightning Sessions LHT1844 New Oracle Guided Learning Revolution Oracle SaaS Adoption – Speaker Wim de Haas Oracle University LHT1845 Improve User Experience Oracle ERP Cloud Oracle Guided Learning – Speaker Franck Kervella Oracle University LHT1846 Learning Across Cloud Lifecycle Oracle Guided Learning – Speaker Aon Siddiqui Oracle University Visit Oracle University kiosk Zone 4 learn cloud learning options get Oracle Guided Learning demo Register Oracle OpenWorld Europe 2020 Register Oracle OpenWorld Asia 2020 Registration Oracle OpenWorld Latin America São Paulo June 17-18 2020 – announced Registration Oracle OpenWorld North America September 2020 – announced continue updating article throughout 2020 sure bookmark return get latest information Oracle Cloud learning innovations sessions Oracle OpenWorld close May Also Like Announcing New Oracle Guided Learning Innovations Revolutionize SaaS Adoption One Thing Make Break ERP Cloud Adoption Developing Enablement Strategies Make Difference Cloud Training first comment Comments 0 Name Please enter name Email Please provide valid email address Comment Please enter comment Type text CAPTCHA challenge response provided incorrect Please try Recent Content Oracle University Keeping Changing Communications Industry communications industry continues evolve Communication Service Providers CSPs provide much voice messaging ... Oracle University Available Oracle Cloud Applications Release 20A Training quarter Oracle Cloud Applications deliver new set features.Â means every three months 'll receive new functionality ... Oracle University December Highlights Oracle University Courses Certifications Kick-start career new year Take time sharpen skills enhance resume new courses certification ... Oracle Site Map Legal Notices Terms Use Privacy Ad Choices Oracle Content Marketing Login,benign
fortimail,False,False,False,False,FortiMail Web Action Release Quarantined message successfully released User nelson.saribay co.maui.hi.us FromDateSubject Tiffany Davies tiffany.davies sis.ipx1031.com Tue 14 Jan 2020 07:28:31 -1000 1031 Exchange Trends Info 2020,benign
login > lenovo creative hub,True,True,True,False,Login Lenovo Creative Hub Lenovo User Name Password Log create account,benign
log in - lyft,False,False,True,False,Log Lyft Welcome back Lyft Login+1We 'll send text verify phoneKeep signed inNextHave new number Find account,benign
security center â wells fargo,False,False,True,False,Security Center â Wells Fargo Skip content Sign Customer Service ATMs/Locations EspaÃ±ol Search Opens dialog selected Personal Small Business Commercial Financial Education Wells Fargo Banking Credit Cards Loans Credit Investing Retirement Wealth Management Rewards Benefits 're sorry features site require JavaScript Please enable JavaScript browser refresh page Learn Banking Accounts Services Checking Accounts Savings Accounts CDs Debit Prepaid Cards Credit Cards Foreign Exchange Global Remittance Services Â Online Banking Transfer Pay Mobile Features Control TowerSM ATM Banking Financial Goals Tax Center Banking Made Easy Planning Retirement Security Center Popular Links Mortgage Rates Routing Number Overdraft Services Get Help Payment Challenges Open Checking Account Apply Account Service Loans Credit Accounts Services Mortgage Loans Home Equity Lines Personal Lines Loans Â Student Loans Auto Loans Credit Cards Financial Goals Going College Borrowing Credit Security Center Popular Links Mortgage Rates Home Equity Rates Get Help Payment Challenges Finish Application/Check Status Student Loan Discounts Investing Retirement Ways Invest Self-Directed Online Trading Digital Investing Plus Advice Dedicated Financial Advisor Compare Ways Invest Investing Solutions IRAs Invest Mutual Funds Investment Services Rollovers 401k IRA Investing Education Financial Goals Strategy Research Planning Retirement Income Retirement Investing Basics Popular Links Contact Financial Advisor Open IRA Open WellsTradeÂ® Account Open Intuitive InvestorÂ® Account Retirement Plan Employer Plan 401 k Sign Wealth Management Wealth Services Private Bank Wells Fargo Advisors Abbot Downing Wealth Management Services Wealth Solutions Wealth Planning Private Banking Investment Asset Management Trust Fiduciary Services Wealth Advice Guidance Strategy Research Wealth Management Insights Conversations Magazine Next Step Contact Private Bank Contact Wells Fargo Advisors Contact Abbot Downing Rewards Benefits Go FarÂ® Rewards Explore Rewards Earn Rewards Use Rewards Share Rewards Relationship Program Customer Relationship Overview Financial Goals Banking Made Easy Borrowing Credit Security Center Popular Links Sign Go Far Rewards Go Far Rewards FAQs Credit Cards NavegÃ³ una pÃ¡gina que estÃ¡ disponible en espaÃ±ol en este momento Seleccione el enlace si desea ver otro contenido en espaÃ±ol PÃ¡gina principal Â Comienzo de ventana emergente Esta pÃ¡gina solo estÃ¡ disponible en inglÃ©s Selecione Cancele para permanecer en esta pÃ¡gina ContinÃºe para ver nuestra pÃ¡gina principal en espaÃ±ol Cancele ContinÃºe Fin de ventana emergente PersonalPrivacy Security LegalSecurity Center Security Center Print Simplify mobile sign-on Sign view accounts fingerprint facial features â especially convenient youâre go Learn Explore Security Options Spot Common Scams Report Fraud Â Â Â Alerts help detect fraud Use alerts via text email push notification online purchases ATM withdrawals Set alerts Online loan offer sound good true could loan company impersonator looking empty bank account See spot scam Beware text scams wo n't text access code send link verify identity Donât share confidential info via text Report phishing scams Steer clear IRS imposter tax scams Take steps help avoid common tax scams negatively impact financial well-being Learn three common scams Sign may required Availability may affected mobile carrier 's coverage area mobile carrier 's message data rates may apply Resources Update password Help protect accounts View tips boost mobile safety Keeping money safe starts 're enhancing security mind See protect content helpful experience page Select oneIt answered questions.It answered questions.It n't answer questions.I experienced technical issues.Share comments page Please enter personal account information box address customer service questions Please enter personal account information box address customer service questions SubmitCloseThank YouWe appreciate feedback.We unable contact comments specific account-related questions comments please visit Customer Service.Close Wells Fargo Careers Privacy Cookies Security Legal Report Fraud Sitemap Home Diversity Accessibility Ad Choices Â© 1999 2020 Wells Fargo rights reserved NMLSR ID 399801,benign
data-malicious.csv
