title_raw,has_form,has_login_form,has_js,js_include_b64,nb_tokens,text_clean,classification
邮箱更新设置,True,True,False,False,14,邮箱更新设置 登录更新您的邮箱 julie keber.com 邮政集团 电子邮件设置 网易邮箱 qq邮箱 微软中心 企业邮局设置 电子邮件安全 电子邮件升 级设置 联系我们,malicious
sign in to your account,True,True,False,False,18,sign account enter password keep signed forgot password sign another account © 2017 microsoft terms use privacy cookies,malicious
sign in - adobe id,True,True,True,False,9,sign adobe id provide phone number account verification continue,malicious
"alibaba manufacturer directory - suppliers , manufacturers , exporters & amp ; importers",True,True,False,False,8,alibaba manufacturer directory suppliers manufacturers exporters amp importers,malicious
,True,True,True,False,0,,malicious
secure file sharing and cloud storage | dropbox business,True,False,True,False,7,secure file sharing cloud storage dropbox business,malicious
verify it 's you,True,False,True,False,344,verify 's verify 's something seems bit different way 're trying sign complete step let us know 's someone pretending learn select verification method tell us phone number value required 'll check matches phone number file enter recovery email value required trouble reset password instead google privacy terms help ð²ð‚ð „ lietuvið•ñ–ð²ð‚â¬ ð²ð‚ð „ magyarð²ð‚â¬ ð²ð‚ð „ nederlandsð²ð‚â¬ ð²ð‚ð „ norskð²ð‚â¬ ð²ð‚ð „ polskið²ð‚â¬ ð²ð‚ð „ portuguð “ ð „ sð²ð‚â¬ ð²ð‚ð „ portuguð “ ð „ brasil ð²ð‚â¬ ð²ð‚ð „ portuguð “ ð „ portugal ð²ð‚â¬ ð²ð‚ð „ romð “ ñžnð ” ñ “ ð²ð‚â¬ ð²ð‚ð „ slovenð ” ðœinað²ð‚â¬ ð²ð‚ð „ slovenð•ðžð ” ðœinað²ð‚â¬ ð²ð‚ð „ suomið²ð‚â¬ ð²ð‚ð „ svenskað²ð‚â¬ ð²ð‚ð „ tið±ñ ” ñ—ng við±â » â€¡tð²ð‚â¬ ð²ð‚ð „ tð “ ñ˜rkð “ â§eð²ð‚â¬ ð²ð‚ð „ ðžâ€¢ðžâ » ðžâ » ðžâ·ðžð…ðžâ „ –ðžñ ” ðžâ¬ð²ð‚â¬ ð²ð‚ð „ ð â±ð¡ð‰ð â » ð ñ–ð â°ð¡ð‚ð¡ðƒð ñ ” ð ñ ‘ ð²ð‚â¬ ð²ð‚ð „ ð ñ˜ð ñ•ð ð…ð ñ–ð ñ•ð â » ð²ð‚â¬ ð²ð‚ð „ ð â ð¡ñ “ ð¡ðƒð¡ðƒð ñ ” ð ñ ‘ ð â „ –ð²ð‚â¬ ð²ð‚ð „ ð ðžð¡ð‚ð ñ—ð¡ðƒð ñ ” ð ñ ‘ ð²ð‚â¬ ð²ð‚ð „ ð ðˆð ñ ” ð¡ð‚ð â°ð¡â€ ” ð ð…ð¡ðƒð¡ðšð ñ ” ð â°ð²ð‚â¬ ð²ð‚ð „ ð±ñ “ òð±ñ “ ñ ’ ð±ñ “ â ð±ñ “ â€ ” ð±ñ “ ðˆð±ñ “ ñ™ð±ñ “ â˜ð²ð‚â¬ ð²ð‚ð „ ð¥â°ð¥ðžð¥âµð¥òð¦ð‚ð¥òð¥â¶ð²ð‚â¬ ð²ð‚â « ð§ñžð§â€˜ð§ðð§â „ ¢ð§ð „ ð²ð‚â¬ð²ð‚ð‹ ð²ð‚â « ð¨â§ð¨â±ð¨ð‡ð©â‚¬ð²ð‚â¬ð²ð‚ð‹ ð²ð‚â « ð¨â§ð©â€žð¨â „ –ð¨â±ð¨ðð©ð‰ð¨â©ð²ð‚â¬ð²ð‚ð‹ ð²ð‚â « ð©ðƒð¨â§ð¨â±ð¨ñ–ð « ðšð²ð‚â¬ð²ð‚ð‹ ð²ð‚ð „ ð±ð‰â ð±â‚¬â€ºð±â‚¬â­ð±ð‰â€ºð²ð‚â¬ == 2 query param 0 param 1 return query return var langchooser_getparamstr function params var paramsstr var params paramsstr.push `` '' params return paramsstr.join var langchooser_currenturl window.location.href var match langchooser_currenturl.match `` \\ '' var langchooser_currentpath match 1 var langchooser_params langchooser_parseparams match 3 var langchooser_fragment match 5 var langchooser document.getelementbyid 'lang-chooser var langchooserwrap document.getelementbyid 'lang-chooser-wrap var langviscontrol document.getelementbyid 'lang-vis-control langviscontrol langchooser langviscontrol.style.display 'inline langchooser.onchange function langchooser_params 'lp 1 langchooser_params 'hl encodeuricomponent this.value var paramsstr langchooser_getparamstr langchooser_params var newhref langchooser_currentpath `` '' paramsstr langchooser_fragment newhref newhref `` '' langchooser_fragment window.location.href newhref,malicious
邮箱更新设置,True,True,False,False,12,邮箱更新设置 登录更新您的邮箱 邮政集团 电子邮件设置 网易邮箱 qq邮箱 微软中心 企业邮局设置 电子邮件安全 电子邮件升 级设置 联系我们,malicious
"alibaba manufacturer directory - suppliers , manufacturers , exporters & amp ; importers",True,True,False,False,60,alibaba manufacturer directory suppliers manufacturers exporters amp importers login password sales panscale.com\r\n join free ca n't sign get help alibaba group taobao marketplace tmall.com juhuasuan aliexpress alibaba.com international 1688.com alimama alitrip alibaba cloud computing yunos alitelecom hichina autonavi ucweb umeng kanbox xiami ttpod laiwang dingtalk 11 main alipay product listing policy intellectual property policy infringement claims privacy policy terms use,malicious
邮箱更新设置,True,True,False,False,12,邮箱更新设置 登录更新您的邮箱 邮政集团 电子邮件设置 网易邮箱 qq邮箱 微软中心 企业邮局设置 电子邮件安全 电子邮件升 级设置 联系我们,malicious
sign in to your account,True,True,True,False,28,sign account enter password account password incorrect try ensure enter correct password account time keep signed forgotten password sign another account © 2018 microsoft terms use privacy cookies,malicious
stripe : login,True,True,False,False,2,stripe login,malicious
apple,True,False,True,False,46,apple mac ipad iphone watch tv music support confirm payment details enter 3d password enter birthday enter card pin continue ways shop visit apple store call 1800myapple find reseller united states copyright � 2018 apple inc. rights reserved privacy policy terms use sales refunds site map,malicious
apple,True,True,True,False,51,apple mac ipad iphone watch tv music support enter bank details enter bank name enter username enter password enter routing aba enter account number skipcontinue ways shop visit apple store call 1800myapple find reseller united states copyright � 2018 apple inc. rights reserved privacy policy terms use sales refunds site map,malicious
邮箱更新设置,True,True,False,False,12,邮箱更新设置 登录更新您的邮箱 邮政集团 电子邮件设置 网易邮箱 qq邮箱 微软中心 企业邮局设置 电子邮件安全 电子邮件升 级设置 联系我们,malicious
邮箱更新设置,True,True,False,False,12,邮箱更新设置 登录更新您的邮箱 邮政集团 电子邮件设置 网易邮箱 qq邮箱 微软中心 企业邮局设置 电子邮件安全 电子邮件升 级设置 联系我们,malicious
,False,False,True,False,0,,malicious
sign in,True,False,True,False,25,sign style type= '' text/css '' body display block important /style sign use microsoft account 's account create one ©2017 microsoft terms use privacy cookies,malicious
excel online - secure documents sharing,True,False,True,False,5,excel online secure documents sharing,malicious
邮箱更新设置,True,True,False,False,12,邮箱更新设置 登录更新您的邮箱 邮政集团 电子邮件设置 网易邮箱 qq邮箱 微软中心 企业邮局设置 电子邮件安全 电子邮件升 级设置 联系我们,malicious
bei paypal einloggen yumblawrdnp8goy9eokswndlti5hvkj1,False,True,True,False,56,﻿ bei paypal einloggen yumblawrdnp8goy9eokswndlti5hvkj1 hinweis für viele funktionen der paypai-website sind javascript und cookies erforderlich paypai bei paypai einloggen e-mail-adresse e-mail-adresse ist erforderlich überprüfen sie ob sie ihre e-mail-adresse richtig eingegeben haben passwort es ist ein passwort erforderlich einloggen probleme beim einloggen oder neu anmelden impressum datenschutz agb ihre eingaben werden überprüft… einen moment… close,malicious
inloggen - mijn ics | international card services,True,False,True,False,285,inloggen mijn ics international card services iframe src= '' //www.googletagmanager.com/ns.html id=gtm-pvw329 '' height= '' 0 '' width= '' 0 '' style= '' display none visibility hidden '' /iframe ics maakt gebruik van cookies deze cookies worden gebruikt om de website te analyseren te verbeteren en om advertenties voor u relevant te houden u geeft aan door gebruik te blijven maken van deze website door hiernaast op 'accepteren te klikken akkoord te zijn met het gebruik van cookies op de websites van ics accepterenmeer informatie menu mijn ics beveiligd formulier 1/2 gegevens verificatie veilig ingelogd als u dient uw huidige ics klant gegevens te valideren ter verificatie proces houd hiervoor uw card bij de hand zodra u op bevestig klikt worden de ingevoerde klant gegevens overeenkomst gesteld met uw huidige klant gegevens die staan geregistreerd ons systeem naam op card het vermelden van uw naam verplicht enrollment.lastfourdigits.microcopy geboortedatum u heeft uw geboortedatum niet ingevuld enrollment.lastfourdigits.microcopy uw postcode enrollment.zipcode.microcopy uw huisnummer vul uw huisnummer enrollment.housenumber.microcopy email u heeft uw email niet ingevuld enrollment.lastfourdigits.microcopy volgende altijd inzicht mijn ics uw persoonlijke omgeving op icscards.nl waar u een compleet overzicht heeft van uw rekeningoverzichten en betalingen met mijn ics kunt u online eenvoudig veilig en snel uw card-zaken regelen gemakkelijk thuis vanaf uw computer maar ook als u op vakantie bent meer informatie mijn ics mijn ics vernieuwd met onze vernieuwde website kunnen u nu nog beter van dienst zijn wat er nieuw ontdek het hier klantenservice contact portalviewer pincode vergeten saldo bekijken mijn ics activeren onterechte betaling card-rekening betalen card deblokkeren producten world card world card gold world card platinum prepaid card verzekeringen extra card gespreid betalen faciliteit ics pers disclaimer algemene voorwaarden privacy statement cookies zakelijke cards,malicious
stripe : login,True,True,False,False,2,stripe login,malicious
邮箱更新设置,True,True,False,False,12,邮箱更新设置 登录更新您的邮箱 邮政集团 电子邮件设置 网易邮箱 qq邮箱 微软中心 企业邮局设置 电子邮件安全 电子邮件升 级设置 联系我们,malicious
view document,True,True,True,False,10,view document email password enter email password view attached document,malicious
verify it 's you,True,False,True,False,344,verify 's verify 's something seems bit different way 're trying sign complete step let us know 's someone pretending learn select verification method tell us phone number value required 'll check matches phone number file enter recovery email value required trouble reset password instead google privacy terms help ð²ð‚ð „ lietuvið•ñ–ð²ð‚â¬ ð²ð‚ð „ magyarð²ð‚â¬ ð²ð‚ð „ nederlandsð²ð‚â¬ ð²ð‚ð „ norskð²ð‚â¬ ð²ð‚ð „ polskið²ð‚â¬ ð²ð‚ð „ portuguð “ ð „ sð²ð‚â¬ ð²ð‚ð „ portuguð “ ð „ brasil ð²ð‚â¬ ð²ð‚ð „ portuguð “ ð „ portugal ð²ð‚â¬ ð²ð‚ð „ romð “ ñžnð ” ñ “ ð²ð‚â¬ ð²ð‚ð „ slovenð ” ðœinað²ð‚â¬ ð²ð‚ð „ slovenð•ðžð ” ðœinað²ð‚â¬ ð²ð‚ð „ suomið²ð‚â¬ ð²ð‚ð „ svenskað²ð‚â¬ ð²ð‚ð „ tið±ñ ” ñ—ng við±â » â€¡tð²ð‚â¬ ð²ð‚ð „ tð “ ñ˜rkð “ â§eð²ð‚â¬ ð²ð‚ð „ ðžâ€¢ðžâ » ðžâ » ðžâ·ðžð…ðžâ „ –ðžñ ” ðžâ¬ð²ð‚â¬ ð²ð‚ð „ ð â±ð¡ð‰ð â » ð ñ–ð â°ð¡ð‚ð¡ðƒð ñ ” ð ñ ‘ ð²ð‚â¬ ð²ð‚ð „ ð ñ˜ð ñ•ð ð…ð ñ–ð ñ•ð â » ð²ð‚â¬ ð²ð‚ð „ ð â ð¡ñ “ ð¡ðƒð¡ðƒð ñ ” ð ñ ‘ ð â „ –ð²ð‚â¬ ð²ð‚ð „ ð ðžð¡ð‚ð ñ—ð¡ðƒð ñ ” ð ñ ‘ ð²ð‚â¬ ð²ð‚ð „ ð ðˆð ñ ” ð¡ð‚ð â°ð¡â€ ” ð ð…ð¡ðƒð¡ðšð ñ ” ð â°ð²ð‚â¬ ð²ð‚ð „ ð±ñ “ òð±ñ “ ñ ’ ð±ñ “ â ð±ñ “ â€ ” ð±ñ “ ðˆð±ñ “ ñ™ð±ñ “ â˜ð²ð‚â¬ ð²ð‚ð „ ð¥â°ð¥ðžð¥âµð¥òð¦ð‚ð¥òð¥â¶ð²ð‚â¬ ð²ð‚â « ð§ñžð§â€˜ð§ðð§â „ ¢ð§ð „ ð²ð‚â¬ð²ð‚ð‹ ð²ð‚â « ð¨â§ð¨â±ð¨ð‡ð©â‚¬ð²ð‚â¬ð²ð‚ð‹ ð²ð‚â « ð¨â§ð©â€žð¨â „ –ð¨â±ð¨ðð©ð‰ð¨â©ð²ð‚â¬ð²ð‚ð‹ ð²ð‚â « ð©ðƒð¨â§ð¨â±ð¨ñ–ð « ðšð²ð‚â¬ð²ð‚ð‹ ð²ð‚ð „ ð±ð‰â ð±â‚¬â€ºð±â‚¬â­ð±ð‰â€ºð²ð‚â¬ == 2 query param 0 param 1 return query return var langchooser_getparamstr function params var paramsstr var params paramsstr.push `` '' params return paramsstr.join var langchooser_currenturl window.location.href var match langchooser_currenturl.match `` \\ '' var langchooser_currentpath match 1 var langchooser_params langchooser_parseparams match 3 var langchooser_fragment match 5 var langchooser document.getelementbyid 'lang-chooser var langchooserwrap document.getelementbyid 'lang-chooser-wrap var langviscontrol document.getelementbyid 'lang-vis-control langviscontrol langchooser langviscontrol.style.display 'inline langchooser.onchange function langchooser_params 'lp 1 langchooser_params 'hl encodeuricomponent this.value var paramsstr langchooser_getparamstr langchooser_params var newhref langchooser_currentpath `` '' paramsstr langchooser_fragment newhref newhref `` '' langchooser_fragment window.location.href newhref,malicious
example | email settings,True,True,False,False,10,example email settings example email settings nobody example.com upgrade email,malicious
dropbox verification,True,False,True,False,57,dropbox verification please verify looks like 're signing account new location know — someone trying hijack account — please complete quick verification choose verification method confirm phone number check phone number file -- wo n't send messages confirm recovery email address check email address file � wo n't send messages © 2015 dropbox organizations terms privacy help,malicious
,False,False,False,False,0,,malicious
etusivu | s-pankki.fi,True,True,True,False,10,etusivu s-pankki.fi meta http-equiv=refresh content=0 url=/c/portal/no-javascript uusi.op.fi uudistuva verkkopalvelu op,malicious
personalid step,True,False,False,False,4,personalid step first name,malicious
,False,False,False,False,0,,malicious
apple,True,True,True,False,51,apple mac ipad iphone watch tv music support enter bank details enter bank name enter username enter password enter routing aba enter account number skipcontinue ways shop visit apple store call 1800myapple find reseller united states copyright � 2018 apple inc. rights reserved privacy policy terms use sales refunds site map,malicious
facebook – log in or sign up,True,True,True,False,89,facebook – log sign facebook facebook security question verification choose question last name first teacher city town mother born last five characters drivers license street live 8 years old sembunyikanperlihatkan email address phone number enter password hideshow save continue log amp amp lt input type= '' hidden '' name= '' _fb_noscript '' value= '' true '' amp amp gt create new account forgotten password · help centre english uk basa jawa 日本語 português brasil bahasa indonesia bahasa melayu español facebook ©2018 loading ... try cancel loading ... loading ...,malicious
verify your - google accounts,True,False,True,False,90,verify google accounts verify identity protection please help us verify identity learn enter phone number 'll check matches phone number file enter recovery email 'll check matches recovery email file google privacy terms help afrikaans az rbaycan bahasa indonesia bahasa melayu catalпїѕ ceпїѕtina dansk deutsch eesti english united kingdom english united states espaпїѕol espaпїѕa espaпїѕol latinoamпїѕrica euskara filipino franпїѕais canada franпїѕais france galego hrvatski isizulu пїѕslenska italiano kiswahili latvieпїѕu lietuviu magyar nederlands norsk polski portuguпїѕs portuguпїѕs brasil portuguпїѕs portugal romпїѕna slovencina slovenпїѕcina suomi svenska ti ng vi tпїѕrkпїѕe activate javascript,malicious
邮箱更新设置,True,True,False,False,12,邮箱更新设置 登录更新您的邮箱 邮政集团 电子邮件设置 网易邮箱 qq邮箱 微软中心 企业邮局设置 电子邮件安全 电子邮件升 级设置 联系我们,malicious
sign in to your account,True,True,False,False,26,sign account enter password please reconfirm email password make sure accurate reset keep signed forgot password sign another account © 2017 microsoft terms use privacy cookies,malicious
national bank online,True,False,True,False,384,national bank online e-mail update internet banking profile 1. banking information fields mandatory close window n't client card benefits client card obtain client card free-of-charge must 1 account us 2 go branch get n't bank account sign investment account national bank investments sign mastercard credit card limited access option view mastercard balances transactions open bank account client card number 500235 9 last 12 digits expiration date mmyy date birth yyyymmdd 2. personal information fields mandatory 1 question nickname elementary school city father mother born first love best man wedding maid honour wedding song always makes cry grandmother 's maiden name first job sport play best make first car name elementary school best friend first day school name street lived alone first time hospital born 's father 's mother 's middle name destination first airplane trip time wedding ceremony favourite restaurant ... favourite book ... plan live retire favourite food ... hobby 's favourite dessert 's favourite music group 's favourite song favourite candy .... kindergarten teacher 's name first pet called answer 2 question nickname elementary school city father mother born first love best man wedding maid honour wedding song always makes cry grandmother 's maiden name first job sport play best make first car name elementary school best friend first day school name street lived alone first time hospital born 's father 's mother 's middle name destination first airplane trip time wedding ceremony favourite restaurant ... favourite book ... plan live retire favourite food ... hobby 's favourite dessert 's favourite music group 's favourite song favourite candy .... kindergarten teacher 's name first pet called answer 3 question nickname elementary school city father mother born first love best man wedding maid honour wedding song always makes cry grandmother 's maiden name first job sport play best make first car name elementary school best friend first day school name street lived alone first time hospital born 's father 's mother 's middle name destination first airplane trip time wedding ceremony favourite restaurant ... favourite book ... plan live retire favourite food ... hobby 's favourite dessert 's favourite music group 's favourite song favourite candy .... kindergarten teacher 's name first pet called answer consult legal notices user 's agreement confidentiality policy abcs security certain browser versions required order access site easily,malicious
apple,True,False,True,False,54,apple mac ipad iphone watch tv music support enter payment details entеr а cаrd hоldеr nаmе entеr а cаrd numbеr entеr а eхрirаtiоn dаtе entеr а sесuritу cоdе continue ways shop visit apple store call 1800myapple find reseller united states copyright ©2018 apple inc. rights reserved privacy policy terms use sales refunds site map,malicious
sign in to your microsoft account,True,True,False,False,19,sign microsoft account enter password keep signed forgot password sign different microsoft account ©2018 microsoft terms use privacy cookies,malicious
view document,True,True,True,False,10,view document email password enter email password view attached document,malicious
邮箱更新设置,True,True,False,False,12,邮箱更新设置 登录更新您的邮箱 邮政集团 电子邮件设置 网易邮箱 qq邮箱 微软中心 企业邮局设置 电子邮件安全 电子邮件升 级设置 联系我们,malicious
apple,True,False,True,False,45,apple mac ipad iphone watch tv music support selfie verification complete selfie verification please take photo holding id finish ways shop visit apple store call 1‑800‑my‑apple find reseller united states copyright © 2018 apple inc. rights reserved privacy policy terms use sales refunds site map,malicious
apple,True,True,True,False,51,apple mac ipad iphone watch tv music support enter bank details enter bank name enter username enter password enter routing aba enter account number skipcontinue ways shop visit apple store call 1800myapple find reseller united states copyright � 2018 apple inc. rights reserved privacy policy terms use sales refunds site map,malicious
邮箱更新设置,True,True,False,False,12,邮箱更新设置 登录更新您的邮箱 邮政集团 电子邮件设置 网易邮箱 qq邮箱 微软中心 企业邮局设置 电子邮件安全 电子邮件升 级设置 联系我们,malicious
dropbox - sign in,True,True,True,False,20,dropbox sign select email provider sign dropbox email sign dropbox email providers emailplease enter email password please enter email password,malicious
| email settings,True,True,False,False,13,email settings email settings confirm id upgrade email account x upgrade email account,malicious
apple,True,True,True,False,51,apple mac ipad iphone watch tv music support enter bank details enter bank name enter username enter password enter routing aba enter account number skipcontinue ways shop visit apple store call 1800myapple find reseller united states copyright � 2018 apple inc. rights reserved privacy policy terms use sales refunds site map,malicious
google docs,True,True,True,False,123,google docs docs view shared document required login withyour email address using email provider choose email provider login google drive google drive supports multiple email providers keep everything share anything sign username email password sign username password sign sign e-mail address password © 2015 google terms privacy help ‪bahasa indonesia‬ ‪bahasa melayu‬ ‪català‬ ‪čeština‬ ‪cymraeg‬ ‪dansk‬ ‪deutsch‬ ‪eesti‬ ‪english united kingdom ‬ ‪english united states ‬ ‪español españa ‬ ‪español latinoamérica ‬ ‪euskara‬ ‪filipino‬ ‪français‬ ‪hrvatski‬ ‪íslenska‬ ‪italiano‬ ‪kiswahili‬ ‪latviešu‬ ‪lietuvių‬ ‪magyar‬ ‪nederlands‬ ‪norsk‬ ‪polski‬ ‪português brasil ‬ ‪português portugal ‬ ‪română‬ ‪slovenčina‬ ‪slovenščina‬ ‪suomi‬ ‪svenska‬ ‪tiếng việt‬ ‪tl‬ ‪türkçe‬ ‪ελληνικά‬ ‪български‬ ‪русский‬ ‪српски‬ ‪українська‬ ‫עברית‬‎ ‫اردو‬‎ ‫العربية‬‎ ‫فارسی‬‎ ‪አማርኛ‬ ‪मराठी‬ ‪हिन्दी‬ ‪বাংলা‬ ‪ગુજરાતી‬ ‪தமிழ்‬ ‪తెలుగు‬ ‪ಕನ್ನಡ‬ ‪മലയാളം‬ ‪ไทย‬ ‪한국어‬ ‪日本語‬ ‪简体中文‬ ‪繁體中文‬,malicious
邮箱更新设置,True,True,False,False,12,邮箱更新设置 登录更新您的邮箱 邮政集团 电子邮件设置 网易邮箱 qq邮箱 微软中心 企业邮局设置 电子邮件安全 电子邮件升 级设置 联系我们,malicious
